Code,Used,BuyerName
BVBE86DXCR4TXQPF,No,
AE7F8RXYKM999Q6Q,No,
MRK6KGG9PCLZUQAS,No,
HG5VNTFZXV3XZLP9,No,
9RF8V3CAQGQ68466,No,
PRD5PUDGHZ5V33C9,No,
ABSBUQ9N9W9N4MJT,No,
SW83W4SLCCXCUQ3Q,No,
GBAPJPYAKQXHS9LY,No,
YLSTESA4MKXCJ4L5,No,
66Q4LNVAMWU7834Z,No,
R67YLVDZCVECDTJK,No,
A96WXRARUH7LNLCW,No,
4T9M4RXDPRXCYDBY,No,
PZYFU57AYN2ZNSFR,No,
X9U35DEK2XZPHG68,No,
T5F4ZEEBJ33TL4Y4,No,
T4BRMCVGBUSGUSS6,No,
DWVH3N9KCNQXRQG2,No,
7GCKXFYXQ25VTPKA,No,
HCN3DDLZC4M49AS7,No,
KWM3C52Q33GVW2B9,No,
279YYJ9BWXQJYQY8,No,
DAELU7XV5G9UJW2F,No,
464A62YKDM2B9HNU,No,
SRPBW7BCHJ72YVHW,No,
FZ836YTJS6FFCRVK,No,
8ZH847579HZFQBGZ,No,
PJMPRYLTKCZGTLQS,No,
734S2Z3TLE72CCDE,No,
TLTJ78D8QP97748W,No,
JLU4SXU7QNSYD2ST,No,
7C2WAC5828A6396T,No,
WU8L8S2S2XXFBGJC,No,
VKQLVBHVZAGQAN33,No,
59TLKAC629424SAK,No,
TKRUAYBSAGJL2KGY,No,
ANCNQT4HQ64FHPAQ,No,
KHKTECYB3PUNM9H2,No,
WT4CAB8YERV3MDRP,No,
49E74ZDMT6T2UFPN,No,
ZHVSBAVFG38TYFLN,No,
ANET69KT4X4M9AR3,No,
H8Q4RPCUE726GQK9,No,
37DQC2Z2ZLSCG3GN,No,
WMZ92DALGMQJ2DCP,No,
KMUGZRS3A6TEWRF5,No,
W82SRNH7D3GCVA36,No,
D2FYGKGEHVXEVULA,No,
SHC5RQU5C5TLUEVT,No,
JD9MWTKCVA2USF2W,No,
B2GL7X6WTC6XEC75,No,
ES6F9K2JTYYBYF37,No,
2RY9634999UZGSFQ,No,
99YWE2V7F49FLU44,No,
838CUE6L4NMSVESN,No,
SUXP9TUTNK6F6JSQ,No,
AEF6W67EGKH5DJW7,No,
VD9Y36F6TJXFT3YJ,No,
WZHN3M2KACPM89DF,No,
AGNHDMQH3ZF3JL4M,No,
U8X8WC83ZPDR9C6J,No,
248XDH32FMSHBLJU,No,
A4VU5AREV8GU7LTK,No,
N2WZVAALJPM8BQPE,No,
C96AXF8434EEXAHM,No,
J8JCJJYKGZGR6EER,No,
DMJW8E65V4KGLPNE,No,
XXSPDQRZS4L3T2H2,No,
VSJRK7P6NHVNV23B,No,
2BUPFHHWY8GWENY7,No,
F7DGT87WJCVQRSDC,No,
XP2WNTD9ANK5YJDB,No,
B7JEFUVMF2VTB6QM,No,
7TVGXWU28HVT8SC8,No,
YNCN3UJ34RGHQXQF,No,
3M8C9RZFA9JZXHPR,No,
YULUY6WUD3NXH4E5,No,
H5F2Q28HU2LP7NZK,No,
DS2MUZMESYABAFEV,No,
RTMKT3LM9BBXSNWL,No,
53C2DTH5DU8UA6CP,No,
9QJNNDFCA87TENGG,No,
Q5HU29MG2396ECK6,No,
C9N3DC9K7SS37EGN,No,
T7YBH3AR44QBY3J4,No,
3JSLF8DGLVLGTU29,No,
MLGP4T6HUUTMJEAJ,No,
XYFRMDDHLZDK27WR,No,
RGHLYSXXW4QPAKJC,No,
55EG8HSG2AB9E2SC,No,
LBNCALGS5L3G2J2H,No,
6RNBK7B5LBTMBAQU,No,
ZP9MGMPJ29EENA6W,No,
986EGEHPCEYSZ3TM,No,
MST67ZH5EV5939U2,No,
DMNH2STDTFTJ28G5,No,
QF9F6ZP94KWPTHFL,No,
Z42FXLY3E94VNQWJ,No,
PCARV3VXPA9FVQZZ,No,
